state,date_s,date_e,pop_size,sample_size,pos_count,prev_est,prev_lb,prev_ub,date
AK,2020-08-06,2020-08-11,738516,242,0.726,0.003,0,0.0112,2020-08-08
AL,2020-07-29,2020-08-13,4864680,938,54.404,0.058,0.0416,0.0771,2020-08-06
AR,2020-07-29,2020-08-13,2990671,937,38.417,0.041,0.0274,0.0563,2020-08-06
AZ,2020-07-31,2020-08-11,6946685,591,48.462,0.082,0.0411,0.1359,2020-08-06
CA,2020-07-30,2020-08-05,39148760,980,55.86,0.057,0.0405,0.0777,2020-08-02
CO,2020-07-30,2020-08-07,5531141,1001,24.024,0.024,0.0089,0.0453,2020-08-03
CT,2020-07-30,2020-08-03,3581504,994,33.796,0.034,0.0204,0.0472,2020-08-01
DC,2020-07-30,2020-08-13,684498,717,27.963,0.039,0.0218,0.0576,2020-08-06
DE,2020-07-29,2020-08-13,949495,804,45.828,0.057,0.0355,0.0822,2020-08-06
FL,2020-07-31,2020-08-03,20598139,980,42.14,0.043,0.0277,0.0586,2020-08-02
GA,2020-08-02,2020-08-11,10297484,985,66.98,0.068,0.0483,0.0881,2020-08-06
HI,2020-08-03,2020-08-11,1422029,5,38.85,7.77,,,2020-08-07
IA,2020-07-29,2020-08-13,3132499,811,69.746,0.086,0.0598,0.1134,2020-08-06
ID,2020-08-04,2020-08-11,1687809,246,11.07,0.045,0.018,0.0799,2020-08-08
IL,2020-07-29,2020-08-10,12821497,1004,39.156,0.039,0.0252,0.0521,2020-08-04
IN,2020-07-31,2020-08-11,6637426,579,12.738,0.022,0.011,0.0363,2020-08-06
KS,2020-07-29,2020-08-08,2908776,962,15.392,0.016,0.007,0.028,2020-08-03
KY,2020-07-30,2020-08-13,4440204,975,23.4,0.024,0.0132,0.0362,2020-08-06
LA,2020-07-28,2020-08-13,4663616,1002,96.192,0.096,0.0688,0.1229,2020-08-05
MA,2020-07-30,2020-08-10,6830193,978,41.076,0.042,0.0289,0.0581,2020-08-05
MD,2020-07-31,2020-08-11,6003435,783,75.951,0.097,0.0726,0.1287,2020-08-06
ME,2020-07-30,2020-08-11,1332813,598,2.99,0.005,0,0.0116,2020-08-05
MI,2020-07-30,2020-08-11,9957488,982,33.388,0.034,0.0216,0.0484,2020-08-05
MN,2020-07-29,2020-08-13,5527358,879,30.765,0.035,0.0206,0.0501,2020-08-06
MO,2020-07-28,2020-08-10,6090062,979,24.475,0.025,0.0144,0.0361,2020-08-03
MS,2020-07-30,2020-08-13,2988762,769,54.599,0.071,0.0375,0.1109,2020-08-06
MT,2020-07-29,2020-08-10,1041732,199,0.995,0.005,0,0.0167,2020-08-04
NC,2020-07-29,2020-08-10,10155624,928,23.2,0.025,0.0131,0.0372,2020-08-04
ND,2020-07-29,2020-08-12,752201,121,8.833,0.073,0.013,0.1428,2020-08-05
NE,2020-07-28,2020-08-13,1904760,954,70.596,0.074,0.0525,0.0975,2020-08-05
NH,2020-07-30,2020-08-11,1343622,809,6.472,0.008,0.0022,0.0148,2020-08-05
NJ,2020-07-31,2020-08-11,8881845,871,128.908,0.148,0.1223,0.1757,2020-08-06
NM,2020-07-29,2020-08-13,2092434,964,19.28,0.02,0.0109,0.0302,2020-08-06
NV,2020-07-30,2020-08-02,2922849,979,49.929,0.051,0.0363,0.0666,2020-08-01
NY,2020-07-31,2020-08-11,19618453,846,197.118,0.233,0.2007,0.2632,2020-08-06
OH,2020-07-29,2020-08-11,11641879,786,18.078,0.023,0.0111,0.0361,2020-08-04
OK,2020-07-28,2020-08-04,3918137,979,15.664,0.016,0.0085,0.0249,2020-08-01
OR,2020-08-05,2020-08-11,4081943,658,15.134,0.023,0.0103,0.0384,2020-08-08
PA,2020-07-31,2020-08-11,12791181,575,58.65,0.102,0.0571,0.1721,2020-08-06
PR,2020-07-27,2020-08-07,3386941,984,10.824,0.011,0.0043,0.018,2020-08-02
RI,2020-07-30,2020-08-11,1056611,684,20.52,0.03,0.0123,0.0551,2020-08-05
SC,2020-07-30,2020-08-13,4955925,840,68.04,0.081,0.0579,0.1069,2020-08-06
SD,2020-07-29,2020-08-12,864289,47,365.19,7.77,,,2020-08-05
TN,2020-07-30,2020-08-11,6651089,1003,63.189,0.063,0.0441,0.0825,2020-08-05
TX,2020-07-29,2020-08-05,27885195,986,58.174,0.059,0.0404,0.0795,2020-08-02
UT,2020-07-30,2020-08-11,3045350,880,28.16,0.032,0.017,0.0503,2020-08-05
VA,2020-07-31,2020-08-11,8413774,730,29.93,0.041,0.018,0.0693,2020-08-06
VT,2020-07-30,2020-08-11,624977,346,1.73,0.005,0,0.0184,2020-08-05
WA,2020-07-29,2020-08-11,7294336,684,14.364,0.021,0.0081,0.037,2020-08-04
WI,2020-07-30,2020-08-13,5778394,814,14.652,0.018,0.0076,0.0318,2020-08-06
WV,2020-07-30,2020-08-13,1829054,317,3.804,0.012,0.0023,0.025,2020-08-06
WY,2020-07-29,2020-08-11,581836,71,551.67,7.77,,,2020-08-04
AK,2020-08-12,2020-08-26,738516,704,9.152,0.013,0.005,0.0233,2020-08-19
AL,2020-08-12,2020-08-26,4864680,974,74.024,0.076,0.0533,0.0976,2020-08-19
AR,2020-08-11,2020-08-25,2990671,998,29.94,0.03,0.0176,0.0435,2020-08-18
AZ,2020-08-12,2020-08-26,6946685,1304,61.288,0.047,0.027,0.0761,2020-08-19
CA,2020-08-13,2020-08-19,39148760,980,42.14,0.043,0.0285,0.0606,2020-08-16
CO,2020-08-10,2020-08-25,5531141,1019,33.627,0.033,0.0183,0.048,2020-08-18
CT,2020-08-11,2020-08-24,3581504,983,23.592,0.024,0.0145,0.0352,2020-08-17
DC,2020-08-13,2020-08-27,684498,781,53.108,0.068,0.0459,0.0921,2020-08-20
DE,2020-08-12,2020-08-27,949495,1004,85.34,0.085,0.0579,0.1125,2020-08-20
FL,2020-08-14,2020-08-14,20598139,978,44.01,0.045,0.0315,0.0606,2020-08-14
GA,2020-08-13,2020-08-26,10297484,1031,76.294,0.074,0.0552,0.0951,2020-08-19
HI,2020-08-14,2020-08-26,1422029,9,69.93,7.77,,,2020-08-20
IA,2020-08-12,2020-08-27,3132499,980,92.12,0.094,0.0712,0.1163,2020-08-20
ID,2020-08-12,2020-08-26,1687809,651,29.946,0.046,0.0167,0.0905,2020-08-19
IL,2020-08-12,2020-08-27,12821497,985,48.265,0.049,0.034,0.0665,2020-08-20
IN,2020-08-12,2020-08-26,6637426,906,28.086,0.031,0.0153,0.0476,2020-08-19
KS,2020-08-11,2020-08-25,2908776,1016,37.592,0.037,0.0202,0.0547,2020-08-18
KY,2020-08-12,2020-08-26,4440204,1126,34.906,0.031,0.0205,0.0449,2020-08-19
LA,2020-08-12,2020-08-25,4663616,989,116.702,0.118,0.0927,0.1481,2020-08-18
MA,2020-08-12,2020-08-27,6830193,980,36.26,0.037,0.0227,0.0521,2020-08-20
MD,2020-08-10,2020-08-26,6003435,1174,82.18,0.07,0.0492,0.0933,2020-08-18
ME,2020-08-12,2020-08-27,1332813,609,3.654,0.006,0,0.0144,2020-08-20
MI,2020-08-12,2020-08-25,9957488,983,41.286,0.042,0.0288,0.0576,2020-08-18
MN,2020-08-11,2020-08-27,5527358,978,44.01,0.045,0.0305,0.0587,2020-08-19
MO,2020-08-12,2020-08-21,6090062,1021,35.735,0.035,0.0223,0.0506,2020-08-16
MS,2020-08-12,2020-08-27,2988762,968,96.8,0.1,0.0669,0.1471,2020-08-20
MT,2020-08-12,2020-08-24,1041732,383,4.979,0.013,0.0038,0.0249,2020-08-18
NC,2020-08-11,2020-08-27,10155624,982,37.316,0.038,0.0233,0.0529,2020-08-19
ND,2020-08-12,2020-08-26,752201,135,0.81,0.006,0,0.0145,2020-08-19
NE,2020-08-11,2020-08-25,1904760,990,78.21,0.079,0.0551,0.1061,2020-08-18
NH,2020-08-13,2020-08-25,1343622,1125,9,0.008,0.003,0.0122,2020-08-19
NJ,2020-08-10,2020-08-26,8881845,1127,137.494,0.122,0.1015,0.1453,2020-08-18
NM,2020-08-10,2020-08-27,2092434,976,24.4,0.025,0.0147,0.0379,2020-08-18
NV,2020-08-12,2020-08-26,2922849,972,76.788,0.079,0.0613,0.0983,2020-08-19
NY,2020-08-10,2020-08-26,19618453,1122,231.132,0.206,0.1804,0.2314,2020-08-18
OH,2020-08-12,2020-08-27,11641879,985,20.685,0.021,0.0106,0.0329,2020-08-20
OK,2020-08-10,2020-08-18,3918137,979,39.16,0.04,0.0272,0.0551,2020-08-14
OR,2020-08-10,2020-08-27,4081943,1086,26.064,0.024,0.0141,0.036,2020-08-18
PA,2020-08-10,2020-08-26,12791181,887,89.587,0.101,0.0753,0.1374,2020-08-18
PR,2020-08-10,2020-08-17,3386941,986,21.692,0.022,0.0118,0.0326,2020-08-14
RI,2020-08-12,2020-08-27,1056611,570,20.52,0.036,0.0169,0.0589,2020-08-20
SC,2020-08-12,2020-08-27,4955925,1063,63.78,0.06,0.0437,0.0795,2020-08-20
SD,2020-08-12,2020-08-26,864289,83,0,0,0,0.0435,2020-08-19
TN,2020-08-12,2020-08-26,6651089,1029,68.943,0.067,0.0511,0.0857,2020-08-19
TX,2020-08-12,2020-08-24,27885195,1001,65.065,0.065,0.0469,0.0847,2020-08-18
UT,2020-08-15,2020-08-25,3045350,871,47.905,0.055,0.0294,0.0871,2020-08-20
VA,2020-08-10,2020-08-26,8413774,1243,58.421,0.047,0.0251,0.0722,2020-08-18
VT,2020-08-13,2020-08-27,624977,382,1.146,0.003,0,0.0081,2020-08-20
WA,2020-08-12,2020-08-27,7294336,1238,37.14,0.03,0.0179,0.0447,2020-08-20
WI,2020-08-12,2020-08-27,5778394,838,27.654,0.033,0.0203,0.0472,2020-08-20
WV,2020-08-13,2020-08-27,1829054,637,14.014,0.022,0.0052,0.049,2020-08-20
WY,2020-08-13,2020-08-24,581836,86,0.688,0.008,0,0.0311,2020-08-19
AK,2020-08-26,2020-09-09,738516,610,6.1,0.01,0.0024,0.0217,2020-09-02
AL,2020-08-26,2020-09-08,4864680,955,94.545,0.099,0.0719,0.1279,2020-09-01
AR,2020-08-24,2020-09-08,2990671,992,48.608,0.049,0.035,0.0641,2020-09-01
AZ,2020-08-26,2020-09-09,6946685,1030,50.47,0.049,0.0305,0.0711,2020-09-02
CA,2020-08-28,2020-09-09,39148760,983,58.98,0.06,0.042,0.0782,2020-09-03
CO,2020-08-24,2020-09-04,5531141,1025,36.9,0.036,0.0231,0.0509,2020-08-30
CT,2020-08-26,2020-09-04,3581504,983,42.269,0.043,0.029,0.0569,2020-08-30
DC,2020-08-27,2020-09-10,684498,643,32.15,0.05,0.0283,0.0755,2020-09-03
DE,2020-08-26,2020-09-10,949495,914,41.13,0.045,0.0242,0.0712,2020-09-03
FL,2020-08-27,2020-09-09,20598139,981,55.917,0.057,0.0393,0.0749,2020-09-02
GA,2020-08-25,2020-09-10,10297484,1020,88.74,0.087,0.0669,0.1114,2020-09-02
HI,2020-08-28,2020-09-09,1422029,12,93.24,7.77,,,2020-09-03
IA,2020-08-25,2020-09-10,3132499,1006,84.504,0.084,0.0615,0.1074,2020-09-02
ID,2020-08-26,2020-09-10,1687809,790,45.03,0.057,0.029,0.097,2020-09-03
IL,2020-08-26,2020-09-03,12821497,979,54.824,0.056,0.039,0.0767,2020-08-30
IN,2020-08-26,2020-09-09,6637426,984,23.616,0.024,0.0136,0.0352,2020-09-02
KS,2020-08-24,2020-09-03,2908776,1025,29.725,0.029,0.0157,0.0431,2020-08-29
KY,2020-08-26,2020-09-08,4440204,983,30.473,0.031,0.0191,0.0433,2020-09-01
WA,2020-11-19,2020-11-23,7294336,297,8.91,0.03,0.0101,0.0538,2020-11-21
LA,2020-08-26,2020-09-08,4663616,1001,86.086,0.086,0.0665,0.113,2020-09-01
MA,2020-08-27,2020-09-05,6830193,981,35.316,0.036,0.0236,0.0508,2020-08-31
MD,2020-08-26,2020-09-08,6003435,980,77.42,0.079,0.0572,0.1035,2020-09-01
ME,2020-08-26,2020-09-10,1332813,759,11.385,0.015,0.0044,0.0322,2020-09-03
MI,2020-08-26,2020-09-03,9957488,976,33.184,0.034,0.0216,0.0495,2020-08-30
MN,2020-08-26,2020-09-08,5527358,974,89.608,0.092,0.0671,0.1195,2020-09-01
MO,2020-08-24,2020-09-10,6090062,1024,29.696,0.029,0.0174,0.0417,2020-09-01
MS,2020-08-26,2020-09-10,2988762,987,82.908,0.084,0.0489,0.1273,2020-09-03
MT,2020-08-24,2020-09-09,1041732,518,4.662,0.009,0.0023,0.0182,2020-09-01
NC,2020-08-26,2020-09-09,10155624,982,37.316,0.038,0.0233,0.0526,2020-09-02
ND,2020-08-26,2020-09-09,752201,109,0.218,0.002,0,0.0099,2020-09-02
NE,2020-08-24,2020-09-10,1904760,938,59.094,0.063,0.0447,0.0827,2020-09-01
NH,2020-08-26,2020-09-03,1343622,1147,18.352,0.016,0.0073,0.0284,2020-08-30
NJ,2020-08-26,2020-09-07,8881845,944,120.832,0.128,0.1049,0.1535,2020-09-01
NM,2020-08-25,2020-09-08,2092434,985,36.445,0.037,0.0228,0.0555,2020-09-01
NV,2020-08-27,2020-08-29,2922849,980,63.7,0.065,0.0463,0.0858,2020-08-28
NY,2020-08-26,2020-09-10,19618453,1043,203.385,0.195,0.1688,0.2238,2020-09-03
OH,2020-08-27,2020-09-10,11641879,983,49.15,0.05,0.0317,0.0714,2020-09-03
OK,2020-08-24,2020-09-01,3918137,979,52.866,0.054,0.0383,0.0729,2020-08-28
OR,2020-08-26,2020-09-10,4081943,968,18.392,0.019,0.0092,0.0294,2020-09-03
PA,2020-08-26,2020-09-09,12791181,845,80.275,0.095,0.0658,0.1356,2020-09-02
PR,2020-08-24,2020-09-03,3386941,980,24.5,0.025,0.0136,0.0376,2020-08-29
RI,2020-08-27,2020-09-10,1056611,786,24.366,0.031,0.0173,0.0464,2020-09-03
SC,2020-08-26,2020-09-10,4955925,927,66.744,0.072,0.0512,0.0957,2020-09-03
SD,2020-08-26,2020-09-10,864289,97,0.679,0.007,0,0.0247,2020-09-03
TN,2020-08-25,2020-09-08,6651089,950,51.3,0.054,0.0362,0.0731,2020-09-01
TX,2020-08-25,2020-09-02,27885195,979,56.782,0.058,0.0404,0.0792,2020-08-29
UT,2020-08-24,2020-09-08,3045350,1104,54.096,0.049,0.0282,0.0767,2020-09-01
VA,2020-08-26,2020-09-08,8413774,1007,35.245,0.035,0.0197,0.0526,2020-09-01
VT,2020-08-26,2020-09-10,624977,485,1.94,0.004,0,0.0094,2020-09-03
WA,2020-08-25,2020-09-10,7294336,820,36.9,0.045,0.0263,0.0694,2020-09-02
WI,2020-08-25,2020-09-10,5778394,976,25.376,0.026,0.0148,0.0395,2020-09-02
WV,2020-08-26,2020-09-10,1829054,1128,16.92,0.015,0.0078,0.0238,2020-09-03
WY,2020-08-24,2020-09-09,581836,70,543.9,7.77,,,2020-09-01
AK,2020-09-09,2020-09-18,738516,681,2.724,0.004,0.0011,0.0082,2020-09-13
AL,2020-09-09,2020-09-18,4864680,905,78.735,0.087,0.0619,0.1131,2020-09-13
AR,2020-09-09,2020-09-18,2990671,990,62.37,0.063,0.046,0.0803,2020-09-13
AZ,2020-09-09,2020-09-23,6946685,1208,65.232,0.054,0.0308,0.0852,2020-09-16
CA,2020-09-10,2020-09-16,39148760,979,47.971,0.049,0.0317,0.0685,2020-09-13
CO,2020-09-09,2020-09-18,5531141,1032,34.056,0.033,0.019,0.0492,2020-09-13
CT,2020-09-09,2020-09-14,3581504,982,30.442,0.031,0.0206,0.0437,2020-09-11
DC,2020-09-08,2020-09-24,684498,976,63.44,0.065,0.0447,0.0829,2020-09-16
DE,2020-09-09,2020-09-24,949495,980,73.5,0.075,0.0489,0.105,2020-09-17
FL,2020-09-11,2020-09-11,20598139,979,83.215,0.085,0.0655,0.1068,2020-09-11
GA,2020-09-09,2020-09-18,10297484,1100,143,0.13,0.1051,0.1579,2020-09-13
HI,2020-09-08,2020-09-22,1422029,516,4.128,0.008,0,0.0218,2020-09-15
IA,2020-09-09,2020-09-24,3132499,977,74.252,0.076,0.0556,0.1002,2020-09-17
ID,2020-09-08,2020-09-18,1687809,732,38.064,0.052,0.0274,0.0846,2020-09-13
IL,2020-09-08,2020-09-17,12821497,992,44.64,0.045,0.031,0.0607,2020-09-12
IN,2020-09-09,2020-09-23,6637426,1155,46.2,0.04,0.0144,0.0879,2020-09-16
KS,2020-09-09,2020-09-19,2908776,1007,35.245,0.035,0.0231,0.0484,2020-09-14
KY,2020-09-09,2020-09-18,4440204,980,35.28,0.036,0.0233,0.0521,2020-09-13
LA,2020-09-09,2020-09-19,4663616,952,119,0.125,0.1002,0.1561,2020-09-14
MA,2020-09-09,2020-09-15,6830193,988,36.556,0.037,0.0223,0.0516,2020-09-12
MD,2020-09-10,2020-09-23,6003435,1242,126.684,0.102,0.0791,0.1268,2020-09-16
ME,2020-09-08,2020-09-24,1332813,987,4.935,0.005,9e-04,0.0087,2020-09-16
MI,2020-09-08,2020-09-22,9957488,980,36.26,0.037,0.0254,0.0493,2020-09-15
MN,2020-09-09,2020-09-23,5527358,1033,82.64,0.08,0.0474,0.1143,2020-09-16
MO,2020-09-08,2020-09-24,6090062,1031,36.085,0.035,0.0215,0.0501,2020-09-16
MS,2020-09-09,2020-09-22,2988762,980,77.42,0.079,0.0535,0.1087,2020-09-15
MT,2020-09-09,2020-09-23,1041732,508,11.176,0.022,0.0067,0.0438,2020-09-16
NC,2020-09-09,2020-09-17,10155624,925,62.9,0.068,0.0483,0.0887,2020-09-13
ND,2020-09-09,2020-09-24,752201,113,1.356,0.012,0,0.034,2020-09-17
NE,2020-09-09,2020-09-18,1904760,976,65.392,0.067,0.048,0.0888,2020-09-13
NH,2020-09-09,2020-09-17,1343622,1034,7.238,0.007,0.0026,0.0132,2020-09-13
NJ,2020-09-09,2020-09-23,8881845,1050,158.55,0.151,0.1265,0.1763,2020-09-16
NM,2020-09-08,2020-09-24,2092434,1014,24.336,0.024,0.0119,0.0365,2020-09-16
NV,2020-09-09,2020-09-12,2922849,979,76.362,0.078,0.059,0.0999,2020-09-11
NY,2020-09-11,2020-09-24,19618453,1168,198.56,0.17,0.1472,0.1923,2020-09-17
OH,2020-09-10,2020-09-22,11641879,978,27.384,0.028,0.0169,0.0416,2020-09-16
OK,2020-09-09,2020-09-18,3918137,980,49,0.05,0.0344,0.0654,2020-09-13
OR,2020-09-08,2020-09-22,4081943,971,25.246,0.026,0.0151,0.0406,2020-09-15
PA,2020-09-09,2020-09-23,12791181,1341,148.851,0.111,0.0885,0.1371,2020-09-16
PR,2020-09-08,2020-09-15,3386941,970,29.1,0.03,0.0178,0.0427,2020-09-12
RI,2020-09-09,2020-09-24,1056611,795,21.465,0.027,0.0115,0.0491,2020-09-17
SC,2020-09-09,2020-09-18,4955925,975,76.05,0.078,0.0558,0.1019,2020-09-13
SD,2020-09-09,2020-09-23,864289,99,1.782,0.018,0,0.0482,2020-09-16
TN,2020-09-08,2020-09-16,6651089,1028,68.876,0.067,0.0496,0.0857,2020-09-12
TX,2020-09-09,2020-09-24,27885195,988,81.016,0.082,0.0616,0.1047,2020-09-17
UT,2020-09-09,2020-09-18,3045350,1022,52.122,0.051,0.0329,0.079,2020-09-13
VA,2020-09-10,2020-09-23,8413774,1111,35.552,0.032,0.0181,0.0513,2020-09-16
VT,2020-09-09,2020-09-24,624977,497,8.449,0.017,0.0027,0.0415,2020-09-17
WA,2020-09-09,2020-09-22,7294336,968,24.2,0.025,0.0129,0.0383,2020-09-15
WI,2020-09-09,2020-09-24,5778394,976,37.088,0.038,0.022,0.0573,2020-09-17
WV,2020-09-09,2020-09-22,1829054,968,12.584,0.013,0.0051,0.0218,2020-09-15
WY,2020-09-09,2020-09-24,581836,111,1.665,0.015,0,0.0397,2020-09-17
AK,2020-09-22,2020-10-07,738516,994,8.946,0.009,0.004,0.0154,2020-09-30
AL,2020-09-21,2020-10-07,4864680,942,83.838,0.089,0.0658,0.1138,2020-09-29
AR,2020-09-23,2020-10-07,2990671,929,39.947,0.043,0.0278,0.0574,2020-09-30
AZ,2020-09-22,2020-10-07,6946685,764,60.356,0.079,0.0296,0.1443,2020-09-30
CA,2020-09-25,2020-09-30,39148760,979,40.139,0.041,0.0261,0.0564,2020-09-27
CO,2020-09-24,2020-10-07,5531141,951,28.53,0.03,0.017,0.0454,2020-09-30
CT,2020-09-24,2020-09-30,3581504,984,24.6,0.025,0.0147,0.038,2020-09-27
DC,2020-09-23,2020-10-08,684498,676,33.8,0.05,0.0326,0.0715,2020-10-01
DE,2020-09-23,2020-10-08,949495,976,58.56,0.06,0.0407,0.0812,2020-10-01
FL,2020-09-25,2020-09-25,20598139,981,77.499,0.079,0.0609,0.0991,2020-09-25
GA,2020-09-23,2020-10-07,10297484,979,101.816,0.104,0.0768,0.131,2020-09-30
HI,2020-09-22,2020-10-08,1422029,575,9.775,0.017,0.001,0.105,2020-09-30
IA,2020-09-23,2020-10-07,3132499,941,78.103,0.083,0.0633,0.1036,2020-09-30
ID,2020-09-23,2020-10-07,1687809,977,47.873,0.049,0.0273,0.0717,2020-09-30
IL,2020-09-23,2020-10-01,12821497,923,49.842,0.054,0.0381,0.0718,2020-09-27
IN,2020-09-21,2020-10-07,6637426,1011,60.66,0.06,0.0214,0.1202,2020-09-29
KS,2020-09-22,2020-10-08,2908776,936,46.8,0.05,0.0353,0.0672,2020-09-30
KY,2020-09-23,2020-10-06,4440204,978,22.494,0.023,0.0129,0.0346,2020-09-29
LA,2020-09-23,2020-10-06,4663616,977,117.24,0.12,0.0963,0.1445,2020-09-29
MA,2020-09-25,2020-10-01,6830193,988,27.664,0.028,0.0176,0.0404,2020-09-28
MD,2020-09-21,2020-10-05,6003435,1058,104.742,0.099,0.078,0.122,2020-09-28
ME,2020-09-25,2020-10-08,1332813,911,4.555,0.005,8e-04,0.0116,2020-10-01
MI,2020-09-22,2020-10-02,9957488,979,33.286,0.034,0.0233,0.0448,2020-09-27
MN,2020-09-23,2020-10-06,5527358,980,43.12,0.044,0.0292,0.0595,2020-09-29
MO,2020-09-21,2020-10-02,6090062,965,56.935,0.059,0.0419,0.0812,2020-09-27
MS,2020-09-23,2020-10-06,2988762,984,54.12,0.055,0.0382,0.0731,2020-09-29
MT,2020-09-23,2020-10-08,1041732,706,19.062,0.027,0.006,0.0652,2020-10-01
NC,2020-09-23,2020-10-02,10155624,932,62.444,0.067,0.0474,0.0889,2020-09-27
ND,2020-09-23,2020-10-05,752201,61,473.97,7.77,,,2020-09-29
NE,2020-09-23,2020-10-07,1904760,927,92.7,0.1,0.0716,0.1288,2020-09-30
NH,2020-09-25,2020-10-01,1343622,957,9.57,0.01,0.0028,0.0223,2020-09-28
NJ,2020-09-21,2020-10-07,8881845,958,153.28,0.16,0.1357,0.1874,2020-09-29
NM,2020-09-23,2020-10-06,2092434,979,35.244,0.036,0.0229,0.0507,2020-09-29
NV,2020-09-23,2020-09-26,2922849,980,76.44,0.078,0.0585,0.0994,2020-09-25
NY,2020-09-20,2020-10-07,19618453,822,187.416,0.228,0.192,0.2654,2020-09-28
OH,2020-09-23,2020-10-08,11641879,976,23.424,0.024,0.0126,0.0364,2020-10-01
OK,2020-09-23,2020-09-29,3918137,979,54.824,0.056,0.0378,0.0736,2020-09-26
OR,2020-09-20,2020-10-07,4081943,972,24.3,0.025,0.0057,0.0568,2020-09-28
PA,2020-09-20,2020-10-05,12791181,1255,134.285,0.107,0.0817,0.1378,2020-09-28
PR,2020-09-21,2020-09-28,3386941,980,31.36,0.032,0.0188,0.0471,2020-09-25
RI,2020-09-25,2020-10-08,1056611,864,36.288,0.042,0.0257,0.0627,2020-10-01
SC,2020-09-23,2020-10-07,4955925,816,74.256,0.091,0.0639,0.1178,2020-09-30
SD,2020-09-22,2020-10-04,864289,72,559.44,7.77,,,2020-09-28
TN,2020-09-23,2020-10-07,6651089,976,88.816,0.091,0.0683,0.114,2020-09-30
TX,2020-09-23,2020-10-05,27885195,981,70.632,0.072,0.0519,0.0956,2020-09-29
UT,2020-09-23,2020-10-07,3045350,937,49.661,0.053,0.0361,0.0731,2020-09-30
VA,2020-09-21,2020-10-05,8413774,899,44.95,0.05,0.0234,0.0926,2020-09-28
VT,2020-09-25,2020-10-08,624977,514,2.57,0.005,0,0.0119,2020-10-01
WA,2020-09-22,2020-10-08,7294336,1024,23.552,0.023,0.0125,0.036,2020-09-30
WI,2020-09-23,2020-10-06,5778394,978,30.318,0.031,0.0196,0.0462,2020-09-29
WV,2020-09-23,2020-10-08,1829054,959,30.688,0.032,0.0111,0.0618,2020-10-01
WY,2020-09-23,2020-10-07,581836,118,4.956,0.042,0.0068,0.0925,2020-09-30
AK,2020-10-06,2020-10-21,738516,971,14.565,0.015,0.0079,0.0246,2020-10-14
AL,2020-10-07,2020-10-21,4864680,996,122.508,0.123,0.1,0.1499,2020-10-14
AR,2020-10-07,2020-10-22,2990671,971,87.39,0.09,0.0714,0.1138,2020-10-15
AZ,2020-10-07,2020-10-21,6946685,940,45.12,0.048,0.0255,0.0789,2020-10-14
CA,2020-10-08,2020-10-13,39148760,980,44.1,0.045,0.029,0.0642,2020-10-10
CO,2020-10-08,2020-10-19,5531141,978,43.032,0.044,0.0282,0.0651,2020-10-14
CT,2020-10-08,2020-10-13,3581504,988,22.724,0.023,0.0132,0.0352,2020-10-10
DC,2020-10-07,2020-10-22,684498,1027,69.836,0.068,0.0499,0.0889,2020-10-15
DE,2020-10-07,2020-10-22,949495,980,72.52,0.074,0.0495,0.0988,2020-10-15
FL,2020-10-09,2020-10-09,20598139,983,78.64,0.08,0.0601,0.1022,2020-10-09
GA,2020-10-06,2020-10-13,10297484,1008,85.68,0.085,0.0617,0.1118,2020-10-10
HI,2020-10-06,2020-10-22,1422029,439,8.78,0.02,0.0055,0.0419,2020-10-14
IA,2020-10-07,2020-10-22,3132499,976,126.88,0.13,0.0928,0.1819,2020-10-15
ID,2020-10-05,2020-10-21,1687809,985,41.37,0.042,0.0264,0.0602,2020-10-13
IL,2020-10-07,2020-10-13,12821497,979,56.782,0.058,0.0414,0.0754,2020-10-10
IN,2020-10-07,2020-10-20,6637426,1223,56.258,0.046,0.0227,0.0783,2020-10-13
KS,2020-10-06,2020-10-22,2908776,967,68.657,0.071,0.0516,0.0918,2020-10-14
KY,2020-10-07,2020-10-16,4440204,980,32.34,0.033,0.0195,0.0472,2020-10-11
LA,2020-10-06,2020-10-19,4663616,980,96.04,0.098,0.0736,0.1246,2020-10-12
MA,2020-10-09,2020-10-13,6830193,979,25.454,0.026,0.015,0.0388,2020-10-11
MD,2020-10-10,2020-10-21,6003435,627,71.478,0.114,0.0827,0.1484,2020-10-16
ME,2020-10-09,2020-10-22,1332813,983,5.898,0.006,0.0016,0.0125,2020-10-15
MI,2020-10-06,2020-10-16,9957488,979,31.328,0.032,0.0196,0.0455,2020-10-11
MN,2020-10-06,2020-10-22,5527358,984,73.8,0.075,0.0536,0.1001,2020-10-14
MO,2020-10-07,2020-10-15,6090062,976,63.44,0.065,0.0437,0.0864,2020-10-11
MS,2020-10-05,2020-10-20,2988762,972,127.332,0.131,0.094,0.1724,2020-10-13
MT,2020-10-07,2020-10-21,1041732,588,18.816,0.032,0.0157,0.0501,2020-10-14
NC,2020-10-06,2020-10-19,10155624,995,34.825,0.035,0.0205,0.0504,2020-10-12
ND,2020-10-06,2020-10-16,752201,55,427.35,7.77,,,2020-10-11
NE,2020-10-07,2020-10-21,1904760,966,109.158,0.113,0.086,0.1413,2020-10-14
NH,2020-10-09,2020-10-15,1343622,980,7.84,0.008,0.0031,0.0142,2020-10-12
NJ,2020-10-07,2020-10-21,8881845,889,110.236,0.124,0.1002,0.1517,2020-10-14
NM,2020-10-06,2020-10-20,2092434,976,46.848,0.048,0.0326,0.0662,2020-10-13
NV,2020-10-06,2020-10-16,2922849,981,80.442,0.082,0.064,0.1006,2020-10-11
NY,2020-10-09,2020-10-21,19618453,820,179.58,0.219,0.1872,0.2525,2020-10-15
OH,2020-10-06,2020-10-22,11641879,980,17.64,0.018,0.0094,0.0275,2020-10-14
OK,2020-10-07,2020-10-14,3918137,980,72.52,0.074,0.0508,0.0971,2020-10-11
OR,2020-10-07,2020-10-19,4081943,972,20.412,0.021,0.0087,0.0359,2020-10-13
PA,2020-10-08,2020-10-21,12791181,946,99.33,0.105,0.0839,0.1316,2020-10-14
PR,2020-10-05,2020-10-13,3386941,980,27.44,0.028,0.0164,0.0438,2020-10-09
RI,2020-10-09,2020-10-22,1056611,760,18.24,0.024,0.0143,0.0354,2020-10-15
SC,2020-10-07,2020-10-21,4955925,1031,82.48,0.08,0.0578,0.1049,2020-10-14
SD,2020-10-07,2020-10-22,864289,34,264.18,7.77,,,2020-10-15
TN,2020-10-07,2020-10-15,6651089,995,98.505,0.099,0.0749,0.1226,2020-10-11
TX,2020-10-05,2020-10-19,27885195,992,103.168,0.104,0.0815,0.1298,2020-10-12
UT,2020-10-05,2020-10-21,3045350,978,88.998,0.091,0.063,0.1199,2020-10-13
VA,2020-10-09,2020-10-21,8413774,864,35.424,0.041,0.0241,0.062,2020-10-15
VT,2020-10-09,2020-10-22,624977,472,1.888,0.004,0,0.0122,2020-10-15
WA,2020-10-07,2020-10-21,7294336,974,19.48,0.02,0.0091,0.0321,2020-10-14
WI,2020-10-07,2020-10-22,5778394,973,48.65,0.05,0.0341,0.0698,2020-10-15
WV,2020-10-07,2020-10-22,1829054,1124,24.728,0.022,0.0129,0.033,2020-10-15
WY,2020-10-08,2020-10-21,581836,123,3.198,0.026,0.0046,0.0578,2020-10-14
AK,2020-10-30,2020-11-13,738516,1413,89.019,0.063,0.0368,0.1057,2020-11-06
AL,2020-10-26,2020-11-09,4864680,1538,141.496,0.092,0.0757,0.1099,2020-11-02
AR,2020-10-26,2020-11-06,2990671,1500,97.5,0.065,0.0515,0.0798,2020-11-01
AZ,2020-10-26,2020-11-10,6946685,1800,172.8,0.096,0.0808,0.1112,2020-11-03
CA,2020-10-26,2020-11-12,39148760,1315,86.79,0.066,0.0509,0.0812,2020-11-03
CO,2020-10-30,2020-11-13,5531141,1293,64.65,0.05,0.0335,0.068,2020-11-06
CT,2020-11-02,2020-11-14,3581504,1009,35.315,0.035,0.0209,0.0499,2020-11-08
DC,2020-10-27,2020-11-11,684498,1175,103.4,0.088,0.0697,0.1067,2020-11-04
DE,2020-10-26,2020-11-09,949495,949,98.696,0.104,0.0772,0.1362,2020-11-02
FL,2020-10-27,2020-11-04,20598139,1360,103.36,0.076,0.0602,0.0911,2020-10-31
GA,2020-10-27,2020-11-13,10297484,1330,164.92,0.124,0.1001,0.1488,2020-11-04
HI,2020-10-29,2020-11-15,1422029,1064,30.856,0.029,0.0166,0.0468,2020-11-06
IA,2020-10-28,2020-11-13,3132499,1193,141.967,0.119,0.0937,0.1458,2020-11-05
ID,2020-10-30,2020-11-13,1687809,1302,82.026,0.063,0.0419,0.0896,2020-11-06
IL,2020-10-26,2020-11-07,12821497,1557,200.853,0.129,0.1087,0.1494,2020-11-01
IN,2020-10-29,2020-11-11,6637426,1222,76.986,0.063,0.0425,0.0859,2020-11-04
KS,2020-11-01,2020-11-15,2908776,1317,72.435,0.055,0.0417,0.0706,2020-11-08
KY,2020-10-26,2020-11-10,4440204,1588,119.1,0.075,0.0588,0.0943,2020-11-03
LA,2020-10-28,2020-11-14,4663616,1316,127.652,0.097,0.0749,0.1178,2020-11-05
MA,2020-11-02,2020-11-11,6830193,1115,42.37,0.038,0.0248,0.052,2020-11-06
MD,2020-10-29,2020-11-11,6003435,1312,94.464,0.072,0.053,0.0936,2020-11-04
ME,2020-11-02,2020-11-13,1332813,995,9.95,0.01,0.0033,0.0179,2020-11-08
MI,2020-10-26,2020-11-13,9957488,1616,138.976,0.086,0.0643,0.1105,2020-11-04
MN,2020-10-29,2020-11-13,5527358,1303,109.452,0.084,0.0679,0.1014,2020-11-06
MO,2020-11-02,2020-11-10,6090062,1507,91.927,0.061,0.0432,0.0797,2020-11-06
MS,2020-10-25,2020-11-09,2988762,1530,168.3,0.11,0.0931,0.1311,2020-11-02
MT,2020-10-30,2020-11-13,1041732,516,39.732,0.077,0.0498,0.11,2020-11-06
NC,2020-10-27,2020-11-10,10155624,1520,114,0.075,0.0589,0.0892,2020-11-03
ND,2020-10-26,2020-11-09,752201,39,303.03,7.77,,,2020-11-02
NE,2020-10-30,2020-11-14,1904760,1288,153.272,0.119,0.0958,0.142,2020-11-07
NH,2020-11-02,2020-11-07,1343622,1299,14.289,0.011,0.0038,0.0197,2020-11-04
NJ,2020-10-29,2020-11-11,8881845,1236,147.084,0.119,0.1004,0.1387,2020-11-04
NM,2020-10-30,2020-11-15,2092434,1337,100.275,0.075,0.0568,0.0939,2020-11-07
NV,2020-10-25,2020-11-09,2922849,1346,114.41,0.085,0.0656,0.1051,2020-11-02
NY,2020-10-30,2020-11-15,19618453,1355,176.15,0.13,0.107,0.1536,2020-11-07
OH,2020-10-25,2020-11-10,11641879,1661,121.253,0.073,0.0584,0.0879,2020-11-02
OK,2020-10-31,2020-11-13,3918137,1299,77.94,0.06,0.0455,0.077,2020-11-06
OR,2020-10-30,2020-11-13,4081943,1757,40.411,0.023,0.0118,0.0358,2020-11-06
PA,2020-10-26,2020-11-09,12791181,1553,97.839,0.063,0.0495,0.0769,2020-11-02
PR,2020-11-02,2020-11-14,3386941,1300,49.4,0.038,0.0259,0.0517,2020-11-08
RI,2020-11-02,2020-11-13,1056611,1113,37.842,0.034,0.0208,0.0492,2020-11-08
SC,2020-10-27,2020-11-11,4955925,1556,130.704,0.084,0.0694,0.0999,2020-11-04
SD,2020-10-27,2020-11-10,864289,152,13.376,0.088,0.0394,0.1536,2020-11-03
TN,2020-10-26,2020-11-10,6651089,1283,137.281,0.107,0.0875,0.1257,2020-11-03
TX,2020-10-29,2020-11-11,27885195,775,123.225,0.159,0.1155,0.2368,2020-11-04
UT,2020-10-25,2020-11-09,3045350,1119,77.211,0.069,0.0422,0.1079,2020-11-02
VA,2020-10-29,2020-11-11,8413774,1227,44.172,0.036,0.0207,0.056,2020-11-04
VT,2020-11-02,2020-11-13,624977,605,2.42,0.004,4e-04,0.0098,2020-11-08
WA,2020-11-01,2020-11-13,7294336,2169,73.746,0.034,0.0245,0.0444,2020-11-07
WI,2020-10-26,2020-11-10,5778394,1096,167.688,0.153,0.1224,0.189,2020-11-03
WV,2020-10-29,2020-11-15,1829054,1095,60.225,0.055,0.0303,0.0935,2020-11-06
WY,2020-10-26,2020-11-10,581836,402,19.296,0.048,0.0236,0.0762,2020-11-03
AK,2020-11-14,2020-11-28,738516,621,40.365,0.065,0.0428,0.0914,2020-11-21
AL,2020-11-14,2020-11-24,4864680,1320,118.8,0.09,0.0715,0.1098,2020-11-19
AR,2020-11-09,2020-11-25,2990671,2115,158.625,0.075,0.0625,0.0889,2020-11-17
AZ,2020-11-09,2020-11-25,6946685,2301,262.314,0.114,0.0947,0.1363,2020-11-17
CA,2020-11-09,2020-11-20,39148760,1285,101.515,0.079,0.0609,0.0963,2020-11-15
CO,2020-11-13,2020-11-27,5531141,1316,93.436,0.071,0.0472,0.0997,2020-11-20
CT,2020-11-16,2020-11-28,3581504,1305,60.03,0.046,0.0328,0.0598,2020-11-22
DC,2020-11-10,2020-11-23,684498,1512,172.368,0.114,0.0933,0.1342,2020-11-16
DE,2020-11-10,2020-11-27,949495,1017,82.377,0.081,0.0597,0.103,2020-11-18
FL,2020-11-09,2020-11-20,20598139,1692,172.584,0.102,0.0866,0.1182,2020-11-15
GA,2020-11-15,2020-11-23,10297484,1265,130.295,0.103,0.0809,0.1258,2020-11-19
HI,2020-11-13,2020-11-25,1422029,666,18.648,0.028,0.0134,0.0431,2020-11-19
IA,2020-11-13,2020-11-27,3132499,980,144.06,0.147,0.1102,0.1856,2020-11-20
ID,2020-11-17,2020-11-27,1687809,471,63.114,0.134,0.0961,0.1773,2020-11-22
IL,2020-11-14,2020-11-25,12821497,2023,327.726,0.162,0.1464,0.1783,2020-11-20
IN,2020-11-12,2020-11-25,6637426,1166,72.292,0.062,0.0379,0.0863,2020-11-18
KS,2020-11-09,2020-11-28,2908776,1276,104.632,0.082,0.0639,0.1035,2020-11-19
KY,2020-11-09,2020-11-25,4440204,1719,132.363,0.077,0.0586,0.0979,2020-11-17
LA,2020-11-12,2020-11-26,4663616,1286,119.598,0.093,0.0692,0.1179,2020-11-19
MA,2020-11-16,2020-11-28,6830193,1286,57.87,0.045,0.0329,0.0587,2020-11-22
MD,2020-11-12,2020-11-26,6003435,1237,117.515,0.095,0.0751,0.1143,2020-11-19
ME,2020-11-16,2020-11-27,1332813,565,3.39,0.006,0.001,0.0129,2020-11-22
MI,2020-11-09,2020-11-25,9957488,1907,167.816,0.088,0.0647,0.121,2020-11-17
MN,2020-11-12,2020-11-27,5527358,1301,148.314,0.114,0.0923,0.1383,2020-11-20
MO,2020-11-09,2020-11-25,6090062,2000,206,0.103,0.0814,0.1286,2020-11-17
MS,2020-11-09,2020-11-24,2988762,1450,197.2,0.136,0.1165,0.1561,2020-11-17
MT,2020-11-11,2020-11-25,1041732,486,44.226,0.091,0.06,0.125,2020-11-18
NC,2020-11-09,2020-11-23,10155624,1619,135.996,0.084,0.0649,0.1045,2020-11-16
ND,2020-11-10,2020-11-24,752201,41,318.57,7.77,,,2020-11-17
NE,2020-11-13,2020-11-27,1904760,1262,205.706,0.163,0.1306,0.1961,2020-11-20
NH,2020-11-16,2020-11-27,1343622,1302,20.832,0.016,0.0072,0.0254,2020-11-22
NJ,2020-11-12,2020-11-26,8881845,1483,223.933,0.151,0.1292,0.1735,2020-11-19
NM,2020-11-12,2020-11-29,2092434,1255,110.44,0.088,0.0672,0.1111,2020-11-20
NV,2020-11-09,2020-11-25,2922849,1835,220.2,0.12,0.0918,0.1498,2020-11-17
NY,2020-11-11,2020-11-28,19618453,1199,111.507,0.093,0.0721,0.1124,2020-11-19
OH,2020-11-13,2020-11-25,11641879,1341,171.648,0.128,0.1054,0.1516,2020-11-19
OK,2020-11-14,2020-11-17,3918137,1284,83.46,0.065,0.0462,0.0852,2020-11-16
OR,2020-11-16,2020-11-20,4081943,299,12.259,0.041,0.0167,0.0709,2020-11-18
PA,2020-11-09,2020-11-27,12791181,2553,194.028,0.076,0.0636,0.0883,2020-11-18
PR,2020-11-16,2020-11-28,3386941,1300,45.5,0.035,0.0233,0.048,2020-11-22
RI,2020-11-16,2020-11-27,1056611,1196,63.388,0.053,0.0382,0.0685,2020-11-22
SC,2020-11-10,2020-11-23,4955925,1710,181.26,0.106,0.0889,0.1237,2020-11-16
SD,2020-11-10,2020-11-25,864289,211,25.32,0.12,0.0477,0.2021,2020-11-18
TN,2020-11-09,2020-11-25,6651089,1528,183.36,0.12,0.1029,0.1381,2020-11-17
TX,2020-11-12,2020-11-25,27885195,933,133.419,0.143,0.1062,0.1852,2020-11-18
UT,2020-11-12,2020-11-25,3045350,661,80.642,0.122,0.0866,0.1538,2020-11-18
VA,2020-11-12,2020-11-26,8413774,1344,61.824,0.046,0.0298,0.0656,2020-11-19
VT,2020-11-16,2020-11-28,624977,464,2.784,0.006,0,0.0168,2020-11-22
WI,2020-11-09,2020-11-25,5778394,1614,251.784,0.156,0.1339,0.1813,2020-11-17
WV,2020-11-16,2020-11-27,1829054,904,32.544,0.036,0.0182,0.0578,2020-11-22
WY,2020-11-09,2020-11-25,581836,518,47.138,0.091,0.0429,0.1494,2020-11-17
